title,company,location,link
Senior Backend Engineer (Python/Django),Chaturbate,No office location,https://stackoverflow.com/jobs/271844
Python Django Developers,Brand Catalyst Media,"Mumbai, India",https://stackoverflow.com/jobs/405244
Webentwickler Python/Django,Jonas und der Wolf GmbH,"Berlin, Deutschland",https://stackoverflow.com/jobs/407411
Back-End Developer (Python/Django),Apacio Ltd,"Theale, UK",https://stackoverflow.com/jobs/397855
Senior Backend Engineer (Django),PolicyFly,No office location,https://stackoverflow.com/jobs/405896
Backend Developer – Python/Django,5 Monkeys Agency AB,"Stockholm, Sweden",https://stackoverflow.com/jobs/408450
Full Stack Software Engineer (React & Django),Sector Labs,"Cluj-Napoca, Romania",https://stackoverflow.com/jobs/242127
Backend Developer (Python + Django),Hansel Pvt. Ltd.,"Bengaluru, India",https://stackoverflow.com/jobs/349749
Python/Django Developer,Spiria Digital,"Oakville, ON, Canada",https://stackoverflow.com/jobs/409892
"Python Developer DJANGO,Flask",NuSecond Technologies Private Limited,"Chennai, India",https://stackoverflow.com/jobs/382880
Principal Full Stack Software Engineer (React & Django),Sector Labs,"Cluj-Napoca, Romania",https://stackoverflow.com/jobs/249484
Python/Django Developer,Zensar,"Pune, India",https://stackoverflow.com/jobs/410622
Senior Full Stack Software Engineer (React & Django),Sector Labs,"Cluj-Napoca, Romania",https://stackoverflow.com/jobs/241611
Full Stack Developer - Python & Django,LiveHealth,"Pune, India",https://stackoverflow.com/jobs/387071
TECH LEAD - Python/Django,Vedya Info Solutions,"Bengaluru, India",https://stackoverflow.com/jobs/349798
Senior Django Developer,FileWave Gmbh,"Sarajevo, Bosnien und Herzegowina",https://stackoverflow.com/jobs/312936
Sr Python/Django Developer,Vedya Info Solutions,"Bengaluru, India",https://stackoverflow.com/jobs/349774
Python Developer - Django/ Flask,Karoms Software,"Bengaluru, India",https://stackoverflow.com/jobs/362949
Python and Django Developer,Vivenns,"Hyderabad, India",https://stackoverflow.com/jobs/343535
Backend Software Engineer (Python/Django) at Games Studio,Brightlobe,"London, UK",https://stackoverflow.com/jobs/353628
Senior Python / Django Engineer,Sherpany AG,No office location,https://stackoverflow.com/jobs/360695
Deutschsprachiger Python/Django Solution Engineer,TeleClinic GmbH,"München, Deutschland",https://stackoverflow.com/jobs/414684
Immediate Requirement for Django Python developer,Nimap Infotech,"Mumbai, India",https://stackoverflow.com/jobs/325945
Python/Django Developer,"Scanslated, Inc.",No office location,https://stackoverflow.com/jobs/355050
Python/Django Software Developer (m/w/d),ClimatePartner,"München, Deutschland",https://stackoverflow.com/jobs/361172
Software Engineer - Backend,"Hyper Labs, Inc., dba Hyperscience","Sofia, Bulgaria",https://stackoverflow.com/jobs/401117
Immediate Requirement for Django Python developer,Nimap Infotech,"Mumbai, India",https://stackoverflow.com/jobs/325945
Mid-Senior Full Stack Developer - Django/VUE.js - 100% remote + flexible hours,ROI Developers,No office location,https://stackoverflow.com/jobs/361431
Software Engineer,TechHR Solutions,"Kochi, India",https://stackoverflow.com/jobs/414918
【フルスタックエンジニア(大規模Webサービス)】株式会社ビットエー<五反田駅徒歩5分×残業少>,株式会社ヴィジョナリー,"Shinagawa City, Japan",https://stackoverflow.com/jobs/415082
Senior Tech Specialist (m/f/d) - Backend Engineering,Motius GmbH,"München, Deutschland",https://stackoverflow.com/jobs/402751
Python Developer,GeekyWorks,"Pune, India",https://stackoverflow.com/jobs/408881
サーバーエンジニア/Webマーケティング・ネット広告,株式会社 アカリ,"Shibuya City, Japan",https://stackoverflow.com/jobs/378917
Python Developer,YouGov,"Bengaluru, India",https://stackoverflow.com/jobs/413507
Backend Engineer・日系スタートアップ,ランスタッド株式会社,"Chiyoda City, Japan",https://stackoverflow.com/jobs/411150
Head of IT (m/f/d) at NetDoktor.de,Hubert Burda Media,"München, Deutschland",https://stackoverflow.com/jobs/413408
Software Engineer - Backend/Server,Shopee Singapore Private Limited,Singapore,https://stackoverflow.com/jobs/398052
Senior Back-end Platform Engineer - London Only,7Bridges,"London, UK",https://stackoverflow.com/jobs/412625
Senior Backend Engineer,TutorMe,"Los Angeles, CA",https://stackoverflow.com/jobs/414864
AI/MLエンジニア(Python・Django)/インターネット/Webサービス・ASP,株式会社 MILIZE,"Minato City, Japan",https://stackoverflow.com/jobs/401937
Software Developer,Success Metric,"Hyderabad, India",https://stackoverflow.com/jobs/405156
Backend Engineer,LiveLike,"New York, NY",https://stackoverflow.com/jobs/411442
Python Developer/Bangalore,Talent Zone Consultants,"Bengaluru, India",https://stackoverflow.com/jobs/413984
Software Developer,Mystro,"Mumbai, India",https://stackoverflow.com/jobs/405203
Senior Software Engineer,"ArcherDX, Inc.","Boulder, CO",https://stackoverflow.com/jobs/410470
Software Developer - Fresher (2019),Keywordio,"Pune, India",https://stackoverflow.com/jobs/337797
Senior Full Stack Software Engineer (m/f/d),Zeitgold,"Tel Aviv-Yafo, Israel",https://stackoverflow.com/jobs/303998
Backend Engineer (m/f/d) - Working Student or Intern,Motius GmbH,"München, Deutschland",https://stackoverflow.com/jobs/367229
(Senior) Python Developer Backend – Billing / Product,Lumenaza GmbH,"Berlin, Deutschland",https://stackoverflow.com/jobs/359016
Software Engineer,idwall,"São Paulo, Brazil",https://stackoverflow.com/jobs/393271
Senior Back-end Platform Engineer - UK Remote,7Bridges,No office location,https://stackoverflow.com/jobs/412520
Mid-Level Back-End Engineer,ThetaCore,"Lehi, UT",https://stackoverflow.com/jobs/412463
Software Engineer,idwall,"São Paulo, Brazil",https://stackoverflow.com/jobs/393271
Software Engineer for Tools & Automation (m/f/d) (in Fulltime onsite),VMRay,"Bochum, Deutschland",https://stackoverflow.com/jobs/303194
Junior Python Backend Developer,Finpoint,"Bengaluru, India",https://stackoverflow.com/jobs/349727
senior python developer,HaysviaHays plc,"London, UK",https://stackoverflow.com/jobs/387197
Python Developer,Quarec Resources,"Ahmedabad, India",https://stackoverflow.com/jobs/412138
Software Developer,RISK ADVISORS,"Mumbai, India",https://stackoverflow.com/jobs/325825
【中区大手町に移転予定】これまでの多くの経験を自社開発に活かしたい!PHPエンジニア大募集!,株式会社GoQSystem,"Hiroshima, Japan",https://stackoverflow.com/jobs/309318
これまでの多くの経験を自社開発に活かしたい!PHPエンジニア大募集!,株式会社GoQSystem,"Osaka, Japan",https://stackoverflow.com/jobs/309539
Python Software Engineer - Glasgow - Associate,"JPMorgan Chase Bank, N.A.","Glasgow, UK",https://stackoverflow.com/jobs/411984
Senior Back-end Platform Engineer - Europe,7Bridges,No office location,https://stackoverflow.com/jobs/412669
Senior Software Engineer (.py),Lime,"Lund, Sweden",https://stackoverflow.com/jobs/396058
開発×Python,株式会社キャリアデザインITパートナーズ,"Chiyoda City, Japan",https://stackoverflow.com/jobs/415080
Front-end Web Developer,Canadian Centre for Child Protection,"Winnipeg, MB, Canada",https://stackoverflow.com/jobs/171155
Python Developer,InfoMagnus,"Hyderabad, India",https://stackoverflow.com/jobs/343508
Senior Developer Software Developer,Feasible Technologies Private Limited,"Hyderabad, India",https://stackoverflow.com/jobs/405174
Python Developer,Tech Mahindra Limited,"Hyderabad, India",https://stackoverflow.com/jobs/405064
Senior Full-stack web developer - Python,CBOE Global MarketsviaHays plc,"London, UK",https://stackoverflow.com/jobs/355023
Senior Backend Developer,MoneyPark,"Zürich, Switzerland",https://stackoverflow.com/jobs/397857
Full Stack Engineer (React + Python),Revel SystemsviaWork in Lithuania,"Vilnius, Lithuania",https://stackoverflow.com/jobs/411392
大手 交通費支給/バックエンドエンジニア募集(Python),株式会社エーティーエス,"Kobe, Japan",https://stackoverflow.com/jobs/376049
Backend Developer,Global Talent Pool,"Bengaluru, India",https://stackoverflow.com/jobs/349804
Full stack developer,Indee Technologies,"Bengaluru, India",https://stackoverflow.com/jobs/380383
Full Stack Web Developer,"Art & Logic, Inc.",No office location,https://stackoverflow.com/jobs/370918
Backend Developer,Sofía,"Mexico City, Mexico",https://stackoverflow.com/jobs/255373
"Python Developer (Onsite in Paris, or Remote in France, UK, Germany)",PeopleDoc,No office location,https://stackoverflow.com/jobs/414745
Full stack developer,Indee Technologies,"Bengaluru, India",https://stackoverflow.com/jobs/380383
Python Developer,WAVELABS TECHNOLOGIES,"Hyderabad, India",https://stackoverflow.com/jobs/399347
Full Stack Web Developer,"Art & Logic, Inc.",No office location,https://stackoverflow.com/jobs/370918
フロントエンドエンジニア/東京/音声解析AI営業/ 600万円~1200万円/フルフレックス,株式会社RevComm,"Shibuya City, Japan",https://stackoverflow.com/jobs/375939
システム開発,マンパワーグループ株式会社,"Sendai, Japan",https://stackoverflow.com/jobs/410506
Senior full stack developer,Consultant Connect,"Oxford, UK",https://stackoverflow.com/jobs/238802
Senior Python Backend Developer,Finpoint,"Bengaluru, India",https://stackoverflow.com/jobs/349797
開発(Python),株式会社キャリアデザインITパートナーズ,"Shinjuku City, Japan",https://stackoverflow.com/jobs/412902
Back End Developer,Octopus Energy,"London, UK",https://stackoverflow.com/jobs/197943
Junior Fullstack Entwickler (m/w/d),PERFACCT,"Potsdam, Deutschland",https://stackoverflow.com/jobs/363042
Software Engineer (Python),Bright Network,"Edinburgh, UK",https://stackoverflow.com/jobs/394447
Senior Backend Engineer - Python,APNATIME TECH PRIVATE LIMITED,No office location,https://stackoverflow.com/jobs/411044
Backend Engineer,Mammoth Analytics,"Bengaluru, India",https://stackoverflow.com/jobs/404206
Python Developers,Coverfox,"Mumbai, India",https://stackoverflow.com/jobs/405245
Web Developer,Infinique,"Bengaluru, India",https://stackoverflow.com/jobs/409759
サーバーサイドエンジニア/リーダー候補/インターネット/Webサービス・ASP,株式会社 クラビス,"Chiyoda City, Japan",https://stackoverflow.com/jobs/370356
Senior Python Developer,YouGov,"Bengaluru, India",https://stackoverflow.com/jobs/400054
ICT Specialist - Software Development [Back-end Software Developer],UNOPS,"New York, NY",https://stackoverflow.com/jobs/413572
Software Developer,Fifth Generation Technologies,"Chennai, India",https://stackoverflow.com/jobs/381444
先端アプリケーションエンジニア,三菱ケミカルシステム株式会社,"Sumida City, Japan",https://stackoverflow.com/jobs/412566
Web Developer,MEL Systems and Services,"Chennai, India",https://stackoverflow.com/jobs/382857
ソフトウェアエンジニア/クラウドサービス開発,LINE株式会社,"Fukuoka, Japan",https://stackoverflow.com/jobs/409659
"Web Backend Developer (w/m/x), 80-100%",dreipol,"Zürich, Schweiz",https://stackoverflow.com/jobs/400704
Senior Full Stack Engineer (NYC or Remote North America),Simon Data,"New York, NY",https://stackoverflow.com/jobs/316155
Fullstack Entwickler in Köln (m/w/d),Ambient Innovation: GmbH,"Köln, Deutschland",https://stackoverflow.com/jobs/163548
ICT Specialist - Software Development [Back-end Software Developer],UNOPS,"New York, NY",https://stackoverflow.com/jobs/413572
"Senior Software Engineer, Patient Care",Ro,"New York, NY",https://stackoverflow.com/jobs/332990
Python Developer,Nesh Technologies,"Chennai, India",https://stackoverflow.com/jobs/408257
Python Developer,6sense,"Bengaluru, India",https://stackoverflow.com/jobs/380355
Python Application Developer- London,"JPMorgan Chase Bank, N.A.","London, UK",https://stackoverflow.com/jobs/412093
フロントエンドエンジニア,株式会社RevComm,"Shibuya City, Japan",https://stackoverflow.com/jobs/369919
Senior Backend Developer Munich (m/w/d),Alasco,"München, Germany",https://stackoverflow.com/jobs/388313
データサイエンティスト,株式会社N2i(エヌツーアイ),"Chiyoda City, Japan",https://stackoverflow.com/jobs/309417
Python Developer,Quantam Select International,"Mumbai, India",https://stackoverflow.com/jobs/405227
PYTHON DEVELOPER,Crashmeal,"Hyderabad, India",https://stackoverflow.com/jobs/343506
PHPエンジニア/インターネット/Webサービス・ASP,株式会社 クラビス,"Chiyoda City, Japan",https://stackoverflow.com/jobs/396128
ソフトウェアエンジニア/システムインテグレータ・ソフトハウス,株式会社 ゼロフィールド,"Minato City, Japan",https://stackoverflow.com/jobs/380227
サーバーサイドエンジニア/ゲーム・エンタメ,アングー 株式会社,"Meguro City, Japan",https://stackoverflow.com/jobs/357088
Python Developer,Inspire Global Solutions,"Mysuru, India",https://stackoverflow.com/jobs/347298
Healthcare Services Company seeks a Sr Front End Developer,Logisticare,"Boston, MA",https://stackoverflow.com/jobs/399484
Python Developer,HighPoints Technologies India Private Limited,"Hyderabad, India",https://stackoverflow.com/jobs/405073
地図アプリ詳細設計 (建設コンサルタント会社),株式会社スタッフサービス,"Fuchu, Japan",https://stackoverflow.com/jobs/406381
リードエンジニア(ジョブカン),株式会社Donuts,"Shibuya City, Japan",https://stackoverflow.com/jobs/346769
"Intern, Technology (Open EdX Developer)",TeachForIndia,"Mumbai, India",https://stackoverflow.com/jobs/405233
プレイングマネージャー,Fairy Devices株式会社,"Bunkyo City, Japan",https://stackoverflow.com/jobs/409666
Payment/Membership Developer 결제/멤버십 담당 개발자,Watcha,"Gangnam-daero, South Korea",https://stackoverflow.com/jobs/408799
Full Stack Webentwickler (m/w/d) mit Schwerpunkt JavaScript,TEAM23 GmbH,"Augsburg, Deutschland",https://stackoverflow.com/jobs/402702
Full Stack Developer - Qure.ai,Fractal.ai,"Mumbai, India",https://stackoverflow.com/jobs/405271
Senior Full Stack Developer (*gn),Innoactive GmbH,"München, Germany",https://stackoverflow.com/jobs/412788
Full Stack Engineer,Nirveda Cognition,"Glendale, CA",https://stackoverflow.com/jobs/362202
Python Developer,Grid Logic Software Private Limited,"Hyderabad, India",https://stackoverflow.com/jobs/364555
「保険相談ニアエル」のバックエンドエンジニア/インターネット/Webサービス・ASP,株式会社 LHL,"Shinjuku City, Japan",https://stackoverflow.com/jobs/403144
Payment/Membership Developer 결제/멤버십 담당 개발자,Watcha,"Gangnam-daero, South Korea",https://stackoverflow.com/jobs/408799
Full Stack Developer,Embrk,No office location,https://stackoverflow.com/jobs/410712
バックエンドエンジニア,株式会社LHL,"Shinjuku City, Japan",https://stackoverflow.com/jobs/395615
ソフトウェアエンジニア/クラウドサービス開発,LINE Fukuoka 株式会社,"Fukuoka, Japan",https://stackoverflow.com/jobs/381525
Python Developer (Fresher),V2STech Solutions,"Thane, India",https://stackoverflow.com/jobs/405262
サーバーサイドエンジニア/リーダー候補/インターネット/Webサービス・ASP,株式会社 クラビス,"Chiyoda City, Japan",https://stackoverflow.com/jobs/370356
Full Stack Developer - Qure.ai,Fractal.ai,"Mumbai, India",https://stackoverflow.com/jobs/405271
Full Stack Webentwickler (m/w/d) mit Schwerpunkt PHP,TEAM23 GmbH,"Augsburg, Deutschland",https://stackoverflow.com/jobs/402703
サーバーサイドエンジニア(ジョブカン),株式会社Donuts,"Shibuya City, Japan",https://stackoverflow.com/jobs/377049
リードエンジニア/ソフトウェア/パッケージベンダ,株式会社 Resola,"Shibuya City, Japan",https://stackoverflow.com/jobs/408317
React Engineer,Preply,"Barcelona, Spain",https://stackoverflow.com/jobs/408211
Sr. Data Science Engineer,Kani Solutions,"Hyderabad, India",https://stackoverflow.com/jobs/409220
Python programmer,HJ Software,"Hyderabad, India",https://stackoverflow.com/jobs/343481
Engineering Manager,Ro,"New York, NY",https://stackoverflow.com/jobs/313204
開発運用ディレクター/ソフトウェア/パッケージベンダ,株式会社 Resola,"Shibuya City, Japan",https://stackoverflow.com/jobs/402854
Python Developer,Intelact Business Solutions,"Bengaluru, India",https://stackoverflow.com/jobs/349721
Full Stack Developer,IBI Group,"Hyderabad, India",https://stackoverflow.com/jobs/405148
Senior C# / Unity Developer (*gn),Innoactive GmbH,"München, Germany",https://stackoverflow.com/jobs/412785
Python Developer/Senior Python Developer,Crebritech,"Noida, India",https://stackoverflow.com/jobs/384512
フルスタックエンジニア,株式会社インター・ビュー,"Shinagawa City, Japan",https://stackoverflow.com/jobs/410932
ソフトウェアエンジニア (サーバーサイド),株式会社MonotaRO,"Minato City, Japan",https://stackoverflow.com/jobs/309548
Senior Full Stack Developer (*gn),Innoactive GmbH,"München, Germany",https://stackoverflow.com/jobs/412788
Python Developer,Intelact Business Solutions,"Bengaluru, India",https://stackoverflow.com/jobs/349721
Python Developer/Senior Python Developer,Crebritech,"Noida, India",https://stackoverflow.com/jobs/384512
【製品部門所属】クラウドエンジニアリーダー/ソフトウェア/パッケージベンダ,株式会社 AIメディカルサービス,"Toshima City, Japan",https://stackoverflow.com/jobs/402859
エンジニア【自社サービス SaaS】/インターネット/Webサービス・ASP,シェルフィー 株式会社,"Shibuya City, Japan",https://stackoverflow.com/jobs/386591
WEBエンジニア,株式会社スピカ,"Shibuya City, Japan",https://stackoverflow.com/jobs/400528
プレイングマネージャー,Fairy Devices株式会社,"Bunkyo City, Japan",https://stackoverflow.com/jobs/409683
Python Developer,Nesh Technologies,"Chennai, India",https://stackoverflow.com/jobs/408257
Python Developer,6sense,"Bengaluru, India",https://stackoverflow.com/jobs/380355
モバイルアプリエンジニア,株式会社RevComm,"Shibuya City, Japan",https://stackoverflow.com/jobs/369884
Python Developer,Arrk Group,"Navi Mumbai, India",https://stackoverflow.com/jobs/405272
Python Developer,Ladder Consultancy Services,"Mumbai, India",https://stackoverflow.com/jobs/405225
サーバーサイドエンジニア(ジョブカン),株式会社Donuts,"Shibuya City, Japan",https://stackoverflow.com/jobs/309544
ソフトウェアエンジニア/システムインテグレータ・ソフトハウス,株式会社 ゼロフィールド,"Minato City, Japan",https://stackoverflow.com/jobs/380227
サーバーサイドエンジニア/ゲーム・エンタメ,アングー 株式会社,"Meguro City, Japan",https://stackoverflow.com/jobs/357088
即日/交通費全額支給 Python(Django)のPG募集,株式会社エーティーエス,"Minato City, Japan",https://stackoverflow.com/jobs/394703
Python Developer,HighPoints Technologies India Private Limited,"Hyderabad, India",https://stackoverflow.com/jobs/405073
ソフトウェアエンジニア (サーバーサイド),株式会社MonotaRO,"Minato City, Japan",https://stackoverflow.com/jobs/309548
"【横浜・週休3日!・Python, PHP, Go・福利厚生充実】Webエンジニア",株式会社ベイストリーム,"Yokohama, Japan",https://stackoverflow.com/jobs/381187
PYTHON DEVELOPER,Cilans System,"Ahmedabad, India",https://stackoverflow.com/jobs/381159
Pythonエンジニア/システムインテグレータ・ソフトハウス,株式会社 ゼロフィールド,"Minato City, Japan",https://stackoverflow.com/jobs/402856
Python Developer,TRooTech Business Solutions,"Ahmedabad, India",https://stackoverflow.com/jobs/399343
フルスタック/バックエンドエンジニア[クライド出向],SBヒューマンキャピタル株式会社,"Shibuya City, Japan",https://stackoverflow.com/jobs/401036
Senior Full Stack Developer für E-Commerce Anwendungen (m/w/d),Eberlein und Kunz GbR,"Berlin, Deutschland",https://stackoverflow.com/jobs/371822
"Senior Engineer, Server Side",Brave Venture Labs,"Pune, India",https://stackoverflow.com/jobs/397653
Python Full Stack Developer,REPAY,"Tempe, AZ",https://stackoverflow.com/jobs/386498
Senior Python Developer,Creative Group,"Amsterdam, Netherlands",https://stackoverflow.com/jobs/393252
Python Developer,TRooTech Business Solutions,"Ahmedabad, India",https://stackoverflow.com/jobs/399343
Senior Python Developer,Lab Technologies SA,"Chiasso, Switzerland",https://stackoverflow.com/jobs/331824
《モバイルアプリエンジニア》/SaaSソリューション,株式会社RevComm,"Shibuya City, Japan",https://stackoverflow.com/jobs/370351
Python Developer,Karvy Analytics,"Hyderabad, India",https://stackoverflow.com/jobs/364556
"時給3,100円 即日/交通費/Webポータルサイト開発",株式会社エーティーエス,"Chuo City, Japan",https://stackoverflow.com/jobs/376055
フルスタック・エンジニア,BizMobile株式会社,"Chiyoda City, Japan",https://stackoverflow.com/jobs/309556
Python Developer,Security Brigade,"Mumbai, India",https://stackoverflow.com/jobs/347252
Python Solution Architect,FullStackTechies,"Bengaluru, India",https://stackoverflow.com/jobs/380352
Team Lead Data Engineering,AUTO1,"Berlin, Germany",https://stackoverflow.com/jobs/366530
Python Developer/Sr Python Developer,Ealpha 4Tech Pvt Ltd,"Hyderabad, India",https://stackoverflow.com/jobs/405958
Python Technical Lead,FullStackTechies,"Bengaluru, India",https://stackoverflow.com/jobs/380325
AVP / VP / Director Engineering,Grid Logic Software Private Limited,"Hyderabad, India",https://stackoverflow.com/jobs/396732
データ分析基盤構築エンジニア(マスメディアのビッグデータ),株式会社フォアキャスト・コミュニケーションズ,"Minato City, Japan",https://stackoverflow.com/jobs/399288
Devops Engineer - Java Or Python Development,Benchire,"Bengaluru, India",https://stackoverflow.com/jobs/404197
Senior Python Developer - Network Performance,"JPMorgan Chase Bank, N.A.","Columbus, OH",https://stackoverflow.com/jobs/407244
Mid-Level Python Developer w/ Opportunities for Leadership,Brightlobe,"London, UK",https://stackoverflow.com/jobs/294060
Site Reliability Engineer,"ArcherDX, Inc.","Boulder, CO",https://stackoverflow.com/jobs/410471
DevOps Engineer,"ArcherDX, Inc.","Boulder, CO",https://stackoverflow.com/jobs/410469
Software Engineer - mid-senior; python & javascript,Envelop Risk,"Bristol, UK",https://stackoverflow.com/jobs/355667
Front end software engineer – Mentor To Go,Mentortogether,"Bengaluru, India",https://stackoverflow.com/jobs/412152
Web Developer,Radi8 Labs,"Kochi, India",https://stackoverflow.com/jobs/414917
Software Engineer (Backend) (m/f/d),QuantCo,"Berlin, Germany",https://stackoverflow.com/jobs/409511
Python Developer,Cboe Global MarketsviaHays plc,"London, UK",https://stackoverflow.com/jobs/397043
Python Developer,YouGov,No office location,https://stackoverflow.com/jobs/330681
SW Development Engineer,Apple,"San Diego, CA",https://stackoverflow.com/jobs/413478
Full Stack Software Engineer,Epidemic Sound AB,"Stockholm, Sweden",https://stackoverflow.com/jobs/241590
Junior Web Developer / Web Developer - PHP,Openweb Solutions,"Kolkata, India",https://stackoverflow.com/jobs/326904
"Software Engineer, Frontend",Beatport,"Denver, CO",https://stackoverflow.com/jobs/391465
Senior Software Engineer - Music Distribution,Epidemic Sound AB,"Stockholm, Sweden",https://stackoverflow.com/jobs/388239
Senior Developer,MNR Solutions Private Limited,"Hyderabad, India",https://stackoverflow.com/jobs/396218
Web Developer,Volon,"Pune, India",https://stackoverflow.com/jobs/323149
Senior Software Engineer,TalentGravity,"Washington, DC",https://stackoverflow.com/jobs/397860
Front End Ui Web Developer,"MI Technical Solutions, Inc.","Chesapeake, VA",https://stackoverflow.com/jobs/408204
Web Developers near Madhyamgram Wanted,AOTWO Web and Technology Pvt Ltd.,"Kolkata, India",https://stackoverflow.com/jobs/413690
Technical Lead,Loopmethods,"New Delhi, India",https://stackoverflow.com/jobs/384577
WEB DEVELOPER BERLIN - Full Stack Front/Back End - Vue.js Laravel (m/f/d),CHEQSITE GmbH,"Berlin, Deutschland",https://stackoverflow.com/jobs/399730
Full Stack Developer,Software Firm,"Noida, India",https://stackoverflow.com/jobs/410841
Senior React developer,Lab Technologies SA,"Chiasso, Switzerland",https://stackoverflow.com/jobs/350851
Senior Full Stack Engineer (Remote OR NYC),Noom,"New York, NY",https://stackoverflow.com/jobs/283522
"Java Developer (Onsite in Paris, or Remote in France, UK, Germany)",PeopleDoc,No office location,https://stackoverflow.com/jobs/414744
Python Software Engineer (f/m/d),European XFEL GmbH,"Schenefeld, Deutschland",https://stackoverflow.com/jobs/397837
FullStack Application Developer @ Mumbai,Computer Power Group Private Limited,"Mumbai, India",https://stackoverflow.com/jobs/405275
Senior Backend / Python Developer (m/f/d),byrd technologies GmbH,"Berlin, Deutschland",https://stackoverflow.com/jobs/353116
Senior PHP Developer,Webchirpy,"Coimbatore, India",https://stackoverflow.com/jobs/408656
Python Software Developer,UBIMET GmbH,"Vienna, Austria",https://stackoverflow.com/jobs/412367
PHP/PYTHON DEVELOPER CUM TRAINER,INFOCOM SOFTWARE PVT LTD,"Kochi, India",https://stackoverflow.com/jobs/411329
Senior Web Developer,Openweb Solutions,"Kolkata, India",https://stackoverflow.com/jobs/382491
Senior Python Developer (m/f/d),1&1 IONOS SE,"Berlin, Deutschland",https://stackoverflow.com/jobs/405855
Senior Python Developer (m/f/d),1&1 IONOS SE,"Berlin, Deutschland",https://stackoverflow.com/jobs/405855
Fullstack Developer,Cumulations Technologies,"Bengaluru, India",https://stackoverflow.com/jobs/326862
Java Developer,Coriolis Technologies,"Pune, India",https://stackoverflow.com/jobs/355148
Sr. Python Developer,Appriffy-Digital IT Hub,"Bengaluru, India",https://stackoverflow.com/jobs/380324
Python Developer /Python Developers/Python Programmer,Ethicstech Embedded Solutions Private Limited,"Chennai, India",https://stackoverflow.com/jobs/406098
Mobile Application Developer,Roopa Soft,"Hyderabad, India",https://stackoverflow.com/jobs/322739
Dev Lead / Full Stack Developer (4+ Years Experience),Pikkal & Co,"Bengaluru, India",https://stackoverflow.com/jobs/412686
Sr. PHP Developer,Wartiz Technologies,"Sahibzada Ajit Singh Nagar, India",https://stackoverflow.com/jobs/382729
Full Stack Developer,Grid Logic Software Private Limited,"Hyderabad, India",https://stackoverflow.com/jobs/364604
DevOps Engineer,Hivesure Infosolutions,"Bengaluru, India",https://stackoverflow.com/jobs/338925
Senior Software Engineer,West 500 Partners,"Seattle, WA",https://stackoverflow.com/jobs/314727
Senior Android Developer,TravelPerk,"Barcelona, Spain",https://stackoverflow.com/jobs/412744
iOS Developer,Atologist Infotech,"Surat, India",https://stackoverflow.com/jobs/330896
Frontend Software Engineer,Chaturbate,"Los Angeles, CA",https://stackoverflow.com/jobs/373445
Frontend Developer (Information Processing & Analytics),Centre for Strategic Infocomm Technologies (CSIT),Singapore,https://stackoverflow.com/jobs/391305
Full Stack PHP Developer,Tailwebs Technology Pvt. Ltd.,"Bengaluru, India",https://stackoverflow.com/jobs/413979
Senior Software Developer,"BPI, Inc","Vancouver, BC, Canada",https://stackoverflow.com/jobs/302265
Principal Cloud Engineer,Biarca,"Hyderabad, India",https://stackoverflow.com/jobs/359320
Back-end Web Developer,Industrybuying,"New Delhi, India",https://stackoverflow.com/jobs/326461
Senior PHP Developer,ZoomRx Healthcare Technologies Pvt. Ltd,"Chennai, India",https://stackoverflow.com/jobs/406777
Full Stack Developer,Synkrama Technologies,"Pune, India",https://stackoverflow.com/jobs/410625
Senior Java / Python Developer for international data analysis company,CARFAX Europe GmbH,"München, Germany",https://stackoverflow.com/jobs/255728
CMS・CRM事業部　システムエンジニア(東京勤務),SBヒューマンキャピタル株式会社,"Shibuya City, Japan",https://stackoverflow.com/jobs/401037
Software Engineering,"JPMorgan Chase Bank, N.A.","Bengaluru, India",https://stackoverflow.com/jobs/414261
Senior Site Reliability Engineer,Opendatasoft,"Paris, France",https://stackoverflow.com/jobs/338141
Python Software Engineer,"JPMorgan Chase Bank, N.A.","Plano, TX",https://stackoverflow.com/jobs/400214
Mobile Application Developer,ZettaStar Software Solutions,"Hyderabad, India",https://stackoverflow.com/jobs/322738
Full Stack Developer,Synkrama Technologies,"Pune, India",https://stackoverflow.com/jobs/410625
Senior C++ Developer,FileWave Gmbh,"Sarajevo, Bosnien und Herzegowina",https://stackoverflow.com/jobs/280967
Senior PHP Developer,ViaPocket Solutions,"Serampore, India",https://stackoverflow.com/jobs/379555
"Back-end Engineer, Machine Learning",Cloud Academy,"Milan, Italy",https://stackoverflow.com/jobs/392936
Android App Developer (4),Industrybuying,"New Delhi, India",https://stackoverflow.com/jobs/342729
iOS Developer,Atologist Infotech,"Surat, India",https://stackoverflow.com/jobs/330896
Senior Backend Engineer,Density,No office location,https://stackoverflow.com/jobs/394915
Software Developer Backend Machine HMI (m/w/d),Hays Professional Solutions GmbHviaHays plc,"Ehingen (Donau), Deutschland",https://stackoverflow.com/jobs/409854
Principal Cloud Engineer,Biarca,"Hyderabad, India",https://stackoverflow.com/jobs/359320
CMS・CRM事業部　システムエンジニア(東京勤務),SBヒューマンキャピタル株式会社,"Shibuya City, Japan",https://stackoverflow.com/jobs/401037
Web Developer.P2.,Poly,"Hyderabad, India",https://stackoverflow.com/jobs/408228
Senior Software Engineer,Epidemic Sound AB,"Stockholm, Sweden",https://stackoverflow.com/jobs/369439
Software Engineering,"JPMorgan Chase Bank, N.A.","Bengaluru, India",https://stackoverflow.com/jobs/414261
Platform Engineer,Octopus Energy,"Melbourne, Australia",https://stackoverflow.com/jobs/414028
システム開発,マンパワーグループ株式会社,"Fukuoka, Japan",https://stackoverflow.com/jobs/408694
Security Analyst - Red Team,idwall,"São Paulo, Brazil",https://stackoverflow.com/jobs/399744
Python Engineer - Internal Tooling,Packet Fabric,No office location,https://stackoverflow.com/jobs/414847
Data Engineer for Core Tech Team @ Industrial Analytics Startup,ENLYZE GmbH,"Köln, Deutschland",https://stackoverflow.com/jobs/360289
Front-End Developer (React/GraphQL),Apacio Ltd,"Theale, UK",https://stackoverflow.com/jobs/397853
CIEL/SEL/14177: Technical Architect,CIEL HR Services,"Bengaluru, India",https://stackoverflow.com/jobs/406002
QA Automation Engineer - Python,Keywordio,"Pune, India",https://stackoverflow.com/jobs/367683
【サーバサイドエンジニア(クライアントWebサービス】株式会社ビットエー<五反田駅徒歩5分×残業少>,株式会社ヴィジョナリー,"Shinagawa City, Japan",https://stackoverflow.com/jobs/415083
プロダクトマネジャー《eiicon》,パーソルイノベーション株式会社,"Minato City, Japan",https://stackoverflow.com/jobs/369202
Senior Tech Specialist (m/f/d) - JS Fullstack,Motius GmbH,"München, Deutschland",https://stackoverflow.com/jobs/402749
Frontend Developer Munich (m/w/d),Alasco,"München, Germany",https://stackoverflow.com/jobs/388312
Software Engineering,"JPMorgan Chase Bank, N.A.","Hyderabad, India",https://stackoverflow.com/jobs/412824
Webエンジニア/インターネット/Webサービス・ASP,Nishika 株式会社,"Chiyoda City, Japan",https://stackoverflow.com/jobs/401943
【駅チカ】Webアプリケーション開発~運用のお仕事/開発エンジニア,パーソルテクノロジースタッフ株式会社,"Yokohama, Japan",https://stackoverflow.com/jobs/412567
Senior Data Scientist,Karvy Analytics,"Hyderabad, India",https://stackoverflow.com/jobs/396717
サーバサイドエンジニア,SBヒューマンキャピタル株式会社,"Shinagawa City, Japan",https://stackoverflow.com/jobs/401238
Senior Python Developer,Flashpoint,"New York, NY",https://stackoverflow.com/jobs/291957
PythonWEB開発エンジニア ~同社決済サービス「PAY.JP」担当~,type転職エージェント,"Shibuya City, Japan",https://stackoverflow.com/jobs/309600
Lead Software Engineer (Backend & Cloud) (m/f/d),LABSTER AGviaHays plc,"Zürich, Schweiz",https://stackoverflow.com/jobs/401736
Software Engineering Team Lead,Cloud Academy,"Milan, Italy",https://stackoverflow.com/jobs/410500
システムエンジニア,パーソル パナソニック HRパートナーズ株式会社　テクニカル事業本部,"Fukuoka, Japan",https://stackoverflow.com/jobs/410174
PAYアプリケーションエンジニア(Python),type転職エージェント,"Shibuya City, Japan",https://stackoverflow.com/jobs/309585
Webアプリケーションエンジニア,type転職エージェント,"Chiyoda City, Japan",https://stackoverflow.com/jobs/410525
デジタルトランスフォーメーション(DX)エンジニア,type転職エージェント,"Minato City, Japan",https://stackoverflow.com/jobs/408315
Senior Software Engineer with Python experience - Activation,Epidemic Sound AB,"Stockholm, Sweden",https://stackoverflow.com/jobs/389861
SENIOR FULL STACK DEVELOPER .NET,FELFEL,"Zürich, Switzerland",https://stackoverflow.com/jobs/398119
エンジニアオープンポジション(ジョブカン),株式会社Donuts,"Shibuya City, Japan",https://stackoverflow.com/jobs/390786
IT事業部スターティングメンバー(開発系職種),ワークタンク,"Shinagawa City, Japan",https://stackoverflow.com/jobs/345669
"Software Engineer, DevOps",Happay,"Bengaluru, India",https://stackoverflow.com/jobs/338960
SENIOR PYTHON DEVELOPER,FELFEL,"Zürich, Switzerland",https://stackoverflow.com/jobs/398126
Full Stack Developer,Criterion Networks.,"Bengaluru, India",https://stackoverflow.com/jobs/374685
【駅チカ】開発におけるシステムのデザイン、チーム統括/開発エンジニア,パーソルテクノロジースタッフ株式会社,"Yokohama, Japan",https://stackoverflow.com/jobs/412904
バックエンドエンジニア,株式会社JMDC,"Minato City, Japan",https://stackoverflow.com/jobs/309579
ソフトウェアエンジニア,エムスリー株式会社,"Minato City, Japan",https://stackoverflow.com/jobs/377484
Data Scientist - Analytics Engineer,"JPMorgan Chase Bank, N.A.","Jersey City, NJ",https://stackoverflow.com/jobs/400926
ソフトウェアエンジニア,エムスリー株式会社,"Minato City, Japan",https://stackoverflow.com/jobs/377484
バックエンドエンジニア,株式会社JMDC,"Minato City, Japan",https://stackoverflow.com/jobs/309579
Senior Python Engineer (m/f/d),Bonial International GmbH,"Berlin, Germany",https://stackoverflow.com/jobs/407741
Back-end Software Developer,UNOPS,"New York, NY",https://stackoverflow.com/jobs/410151
プログラマ,株式会社ウィル・ドゥ,"Ise, Japan",https://stackoverflow.com/jobs/408316
ソフトウェアエンジニア≪IoTヘルスケア事業≫NEW !,type転職エージェント,"Shinagawa City, Japan",https://stackoverflow.com/jobs/377485
Quality Assurance (QA) Lead,Cloud Academy,"Milan, Italy",https://stackoverflow.com/jobs/396573
【急募】システム開発エンジニア(SIer出身の方歓迎),株式会社アイルミッション,"Yokohama, Japan",https://stackoverflow.com/jobs/369916
Full Stack Developer at Singularity Group,Singularity Corporation,"Mumbai, India",https://stackoverflow.com/jobs/359778
Digital - Senior Analyst - Python Developer,Eclerx,"Mumbai, India",https://stackoverflow.com/jobs/405953
フロントエンドエンジニア(Web)、コーダー(Web),クリーク・アンド・リバー社,"Minato City, Japan",https://stackoverflow.com/jobs/345681
Senior DevOps Engineer,Fulfil.io,"Bengaluru, India",https://stackoverflow.com/jobs/404142
【入社支度金5万円支給※】サーバーサイドエンジニア/年間休日120日以上/賞与昇給年2回/転勤無し,ジーピースタッフ株式会社　関東エリア,"Minato City, Japan",https://stackoverflow.com/jobs/415081
Swiftエンジニア,株式会社ダイヤモンドファンタジー,"Chuo City, Japan",https://stackoverflow.com/jobs/309530
Computer Scientist / IT Specialist as developer (m/f) Ruby on Rails,Hüttig & Rompf AG,"Frankfurt am Main, Deutschland",https://stackoverflow.com/jobs/143409
サーバーサイドエンジニア/インターネット/Webサービス・ASP,株式会社 クラビス,"Chiyoda City, Japan",https://stackoverflow.com/jobs/402794
Android Developer,Livefront,"Minneapolis, MN",https://stackoverflow.com/jobs/144977
開発責任者候補(ジョブカン),株式会社Donuts,"Shibuya City, Japan",https://stackoverflow.com/jobs/346771
3DCGデザイナー,スマイルテクノロジーユナイテッド株式会社,"Yokohama, Japan",https://stackoverflow.com/jobs/309598
Chapter Lead Data Engineering,ING,"Amsterdam, Netherlands",https://stackoverflow.com/jobs/408804
"クリエイティブコーダー, フロントエンドエンジニア",株式会社 アカリ,"Shibuya City, Japan",https://stackoverflow.com/jobs/309545
サーバーサイドエンジニア,株式会社gumi,"Fukuoka, Japan",https://stackoverflow.com/jobs/409656
サーバーサイドエンジニア,株式会社gumi,"Shinjuku City, Japan",https://stackoverflow.com/jobs/408725
Rubyエンジニア/インターネット/Webサービス・ASP,株式会社 PLAY,"Shibuya City, Japan",https://stackoverflow.com/jobs/401942
Python Javascript Software Engineer,"JPMorgan Chase Bank, N.A.","Houston, TX",https://stackoverflow.com/jobs/400349
システムエンジニア/インターネット/Webサービス・ASP,ザ・ストリッパーズ 株式会社,"Setagaya City, Japan",https://stackoverflow.com/jobs/356748
【福岡】Rubyエンジニア/インターネット/Webサービス・ASP,株式会社 PLAY,"Fukuoka, Japan",https://stackoverflow.com/jobs/403127
AI開発エンジニア,Supershipグループ,"Minato City, Japan",https://stackoverflow.com/jobs/406380
Webアプリエンジニア,株式会社ミナケア,"Chiyoda City, Japan",https://stackoverflow.com/jobs/309610
AIエンジニア(ジョブカン),株式会社Donuts,"Shibuya City, Japan",https://stackoverflow.com/jobs/358422
オンライン英会話のサービス向上を担う機械学習エンジニア,株式会社アウスタ,"Saitama, Japan",https://stackoverflow.com/jobs/344123
[スマホゲーム]サーバーサイド開発,ワンダープラネット株式会社,"Shibuya City, Japan",https://stackoverflow.com/jobs/344677
Pythonエンジニア,株式会社ダイヤモンドファンタジー,"Chuo City, Japan",https://stackoverflow.com/jobs/309531
Rubyエンジニア,株式会社ダイヤモンドファンタジー,"Chuo City, Japan",https://stackoverflow.com/jobs/309529
webエンジニア/Webマーケティング・ネット広告,PLAINER 株式会社,"Shibuya City, Japan",https://stackoverflow.com/jobs/401944
サーバーサイドエンジニア,株式会社Gunosy,"Minato City, Japan",https://stackoverflow.com/jobs/309554
ソフトウェアエンジニア/ネットワーク,LINE Fukuoka 株式会社,"Fukuoka, Japan",https://stackoverflow.com/jobs/343134
・フロントエンドエンジニア ・バックエンドエンジニア ・モバイルエンジニア( Flutterエンジニア ),エヌ次元株式会社,"Shibuya City, Japan",https://stackoverflow.com/jobs/355366
【週休3日!・横浜・やる気、センス重視・2021新卒】Webエンジニア,株式会社ベイストリーム,"Yokohama, Japan",https://stackoverflow.com/jobs/381188
ウェブサービス開発エンジニア【To C向け新規ITサービスの立ち上げ】,株式会社ランドネット,"Toshima City, Japan",https://stackoverflow.com/jobs/309542
Androidエンジニア,株式会社ダイヤモンドファンタジー,"Chuo City, Japan",https://stackoverflow.com/jobs/309541
Infrastructure Python Developer - Database Services - Associate,"JPMorgan Chase Bank, N.A.","London, UK",https://stackoverflow.com/jobs/400202
開発責任者候補(ジョブカン),株式会社Donuts,"Shibuya City, Japan",https://stackoverflow.com/jobs/309601
プロダクト開発グループ　開発責任者候補(管理職),日本瓦斯株式会社,"Shibuya City, Japan",https://stackoverflow.com/jobs/381533
ハードウェアエンジニア/システムインテグレータ・ソフトハウス,株式会社 ゼロフィールド,"Minato City, Japan",https://stackoverflow.com/jobs/401941
iOS Developer,Livefront,"Minneapolis, MN",https://stackoverflow.com/jobs/195320
【インターンシップ】 ゲームエンジニアの実戦経験が積める1000万ユーザーが遊ぶ人気ゲームを現場社員と一緒に作る,株式会社Donuts,"Shibuya City, Japan",https://stackoverflow.com/jobs/309575
サーバーエンジニア,NHN JAPAN株式会社,"Minato City, Japan",https://stackoverflow.com/jobs/406720
プロジェクトマネージャー,UUUM株式会社,"Minato City, Japan",https://stackoverflow.com/jobs/403393
Data Engineering - Data Lake Developer/ Reliability Engineer/ Solution Architect,Goldman Sachs,"Stockholm, Sweden",https://stackoverflow.com/jobs/361347
Ruby/Railsエンジニア/システムインテグレータ・ソフトハウス,株式会社 ゼロフィールド,"Minato City, Japan",https://stackoverflow.com/jobs/402857
ゲームプログラマ,株式会社イマジカデジタルスケープ,"Shinjuku City, Japan",https://stackoverflow.com/jobs/383042
プロジェクトマネージャー,UUUM株式会社,"Minato City, Japan",https://stackoverflow.com/jobs/403393
SE,リファレンス株式会社,"Yokohama, Japan",https://stackoverflow.com/jobs/309577
インタラクティブコンテンツエンジニア2021新卒,株式会社アクア,"Chuo City, Japan",https://stackoverflow.com/jobs/376072
サービス開発エンジニア,サクラインターネット株式会社,"Osaka, Japan",https://stackoverflow.com/jobs/346781
ゲームエンジニアの実戦経験が積める!1000万ユーザーが遊ぶ人気ゲームを現場社員と一緒に作るインターン募集!,株式会社Donuts,"Shibuya City, Japan",https://stackoverflow.com/jobs/309525
プログラマー(PG)福利厚生充実/奨学金手当/最大60万円/住宅手当(月額2万7000円)持ち家でも支給,株式会社サンテクト,"Osaka, Japan",https://stackoverflow.com/jobs/409644
プログラマー(PG)福利厚生充実/奨学金手当/最大60万円/住宅手当(月額2万7000円)持ち家でも支給,株式会社サンテクト,"Kawasaki, Japan",https://stackoverflow.com/jobs/415008
プログラマー(PG)経験者歓迎/前職給与保証/転職者全員が前職より給与アップ/全社員毎年昇給,株式会社サンテクト,"Yokohama, Japan",https://stackoverflow.com/jobs/415003
"ECサイト・リプレースプロジェクトのバックエンド設計・実装 PM,SE 小伝馬町",株式会社ビーネックスソリューションズ,"Chuo City, Japan",https://stackoverflow.com/jobs/414423
プログラマー(PG)業界未経験者歓迎/知識・経験に応じた研修制度が充実/中途入社の方100%が給与アップ,株式会社サンテクト,"Yokohama, Japan",https://stackoverflow.com/jobs/409640
プログラマー(PG)福利厚生充実/奨学金手当/最大60万円/住宅手当(月額2万7000円)持ち家でも支給,株式会社サンテクト,"Chiyoda City, Japan",https://stackoverflow.com/jobs/409661
プログラマー(PG)経験者歓迎/前職給与保証/転職者全員が前職より給与アップ/全社員毎年昇給,株式会社サンテクト,"Tokyo, Japan",https://stackoverflow.com/jobs/411137
プログラマー(PG)業界未経験者歓迎/知識・経験に応じた研修制度が充実/中途入社の方100%が給与アップ,株式会社サンテクト,"Kariya, Japan",https://stackoverflow.com/jobs/409646
プログラマー(PG)福利厚生充実/奨学金手当/最大60万円/住宅手当(月額2万7000円)持ち家でも支給,株式会社サンテクト,"Yokohama, Japan",https://stackoverflow.com/jobs/409637
プログラマー(PG)経験者歓迎/前職給与保証/転職者全員が前職より給与アップ/全社員毎年昇給,株式会社サンテクト,"Shinjuku City, Japan",https://stackoverflow.com/jobs/409623
プログラマー(PG)経験者歓迎/前職給与保証/転職者全員が前職より給与アップ/全社員毎年昇給,株式会社サンテクト,"Sagamihara, Japan",https://stackoverflow.com/jobs/409639
SE,株式会社イマジカデジタルスケープ,"Shinjuku City, Japan",https://stackoverflow.com/jobs/385613
(SE)システムエンジニア/福利厚生充実/奨学金手当/最大60万円/住宅手当(月額2万7000円)持ち家でも支給,株式会社サンテクト,"Yokohama, Japan",https://stackoverflow.com/jobs/409638
サーバサイドエンジニア/システムインテグレータ・ソフトハウス,ノウブル 株式会社,"Minato City, Japan",https://stackoverflow.com/jobs/401940
ソフトウェアエンジニア / フロントエンド / Private Cloud Platform,LINE株式会社,"Shinjuku City, Japan",https://stackoverflow.com/jobs/335097
(SE)システムエンジニア/福利厚生充実/奨学金手当/最大60万円/住宅手当(月額2万7000円)持ち家でも支給,株式会社サンテクト,"Chiyoda City, Japan",https://stackoverflow.com/jobs/409662
システムエンジニア(SE)経験者歓迎/前職給与保証/転職者全員が前職より給与アップ/全社員毎年昇給,株式会社サンテクト,"Tokyo, Japan",https://stackoverflow.com/jobs/411138
(SE)システムエンジニア/福利厚生充実/奨学金手当/最大60万円/住宅手当(月額2万7000円)持ち家でも支給,株式会社サンテクト,"Kawasaki, Japan",https://stackoverflow.com/jobs/415006
Webエンジニア,株式会社メンバーズ メンバーズエッジカンパニー,"Fukuoka, Japan",https://stackoverflow.com/jobs/358460
システムエンジニア(SE)経験者歓迎/前職給与保証/転職者全員が前職より給与アップ/全社員毎年昇給,株式会社サンテクト,"Shinjuku City, Japan",https://stackoverflow.com/jobs/409624
リードエンジニア(天神・北九州・今宿・フルリモート)/ITコンサルティング,株式会社 メンバーズ メンバーズエッジカンパニー,"Fukuoka, Japan",https://stackoverflow.com/jobs/401907
Webエンジニア,株式会社メンバーズ メンバーズエッジカンパニー,"Yokohama, Japan",https://stackoverflow.com/jobs/382316
(SE)システムエンジニア/福利厚生充実/奨学金手当/最大60万円/住宅手当(月額2万7000円)持ち家でも支給,株式会社サンテクト,"Osaka, Japan",https://stackoverflow.com/jobs/409645
(SE)システムエンジニア/福利厚生充実/奨学金手当/最大60万円/住宅手当(月額2万7000円)持ち家でも支給,株式会社サンテクト,"Yokohama, Japan",https://stackoverflow.com/jobs/409638
システムエンジニア(SE)経験者歓迎/前職給与保証/転職者全員が前職より給与アップ/全社員毎年昇給,株式会社サンテクト,"Yokohama, Japan",https://stackoverflow.com/jobs/415004
WEBエンジニア(福岡勤務)/ITコンサルティング,株式会社 メンバーズ メンバーズエッジカンパニー,"Fukuoka, Japan",https://stackoverflow.com/jobs/401909
中途_リードエンジニア(ジョブカン),株式会社インター・ビュー,"Shibuya City, Japan",https://stackoverflow.com/jobs/412903
リードエンジニア(神戸・札幌・フルリモート)/ITコンサルティング,株式会社 メンバーズ メンバーズエッジカンパニー,"Sapporo, Japan",https://stackoverflow.com/jobs/402796
Webエンジニア(福井県鯖江市勤務)/ITコンサルティング,株式会社 メンバーズ メンバーズエッジカンパニー,"Minamishimabara, Japan",https://stackoverflow.com/jobs/383655
ネットワークエンジニア(自動化)(エム・フィールド),ST&Company Group.,"Shinagawa City, Japan",https://stackoverflow.com/jobs/413208
トヨタも出資するビックデータ分析企業でデータエンジニア,株式会社ALBERT,"Nagoya, Japan",https://stackoverflow.com/jobs/408312
【リードエンジニア・チームリーダー】サーバーサイドエンジニア,株式会社アイリッジ,"Minato City, Japan",https://stackoverflow.com/jobs/345672
サーバーサイドエンジニア(完全在宅勤務)/ITコンサルティング,株式会社 メンバーズ メンバーズエッジカンパニー,"Chuo City, Japan",https://stackoverflow.com/jobs/401938
WEBエンジニア(仙台勤務)/ITコンサルティング,株式会社 メンバーズ メンバーズエッジカンパニー,"Chiyoda City, Japan",https://stackoverflow.com/jobs/383654
システムエンジニア,株式会社ガジュマル,"Toshima City, Japan",https://stackoverflow.com/jobs/387630
データサイエンティスト/その他IT/Web・通信・インターネット系,Fabeee 株式会社,"Chiyoda City, Japan",https://stackoverflow.com/jobs/402858
プログラマー,株式会社ガジュマル,"Toshima City, Japan",https://stackoverflow.com/jobs/387631
現在業務系エンジニア/その他IT/Web・通信・インターネット系,Fabeee 株式会社,"Chiyoda City, Japan",https://stackoverflow.com/jobs/402861
$荒野のエンジニア$/その他IT/Web・通信・インターネット系,Fabeee 株式会社,"Chiyoda City, Japan",https://stackoverflow.com/jobs/402860
Pythonエンジニア,ST&Company Group.,"Shinagawa City, Japan",https://stackoverflow.com/jobs/406495
フリーダムエンジニア/その他IT/Web・通信・インターネット系,Fabeee 株式会社,"Chiyoda City, Japan",https://stackoverflow.com/jobs/401947
ITエンジニア(オープンポジション)/その他IT/Web・通信・インターネット系,Fabeee 株式会社,"Chiyoda City, Japan",https://stackoverflow.com/jobs/402862
Frontend Developer (Javascript/React),Bepro Company,서울,https://kr.indeed.com/viewjob?jk=d11342cfe074df78
iOS Developer,Bepro Company,서울,https://kr.indeed.com/viewjob?jk=297e6568c740f98e
현대오토에버 경력사원 대규모 상시,현대오토에버,서울,https://kr.indeed.com/viewjob?jk=a5cce44e4a847727
유명 바이오 의료기기 스타트업 백엔드 개발자 정규직,인파트너스,서울 서초구,https://kr.indeed.com/viewjob?jk=f674644621285e18
Developer / Designer recruit,마이뮤직테이스트,서울 논현동,https://kr.indeed.com/viewjob?jk=55a19c92c845685e
[전문연구요원] 상시,네이버,서울,https://kr.indeed.com/viewjob?jk=b79c2ae536063b01
추천팀 서비스 개발자 (계약),카카오,대한민국,https://kr.indeed.com/viewjob?jk=c5783af875e8ec98
웹 솔류션(Python Django base) 개발자,비투텍,서울 금천구,https://kr.indeed.com/viewjob?jk=002159bd9f187419
[개발]Python 백엔드 개발자(정규직),위메프,대한민국,https://kr.indeed.com/viewjob?jk=a4946f6098077a45
"NAVER, LINE 서비스 플랫폼 운영",NIT Service,성남 삼평동,https://kr.indeed.com/viewjob?jk=285996f91e76a862
글로벌 여행 스타트업 Trazy - 백엔드 개발자 (Python),트레이지(Trazy),서울 중구,https://kr.indeed.com/viewjob?jk=7c3e870969914d57
백엔드 엔지니어 (e-커머스),RIDI Corp,서울,https://kr.indeed.com/viewjob?jk=6e8010e7c1433f55
[2020년 수도권 혁신기업 온라인 박람회]엠아이큐브솔루션(주) 2020 각 부문 경력,엠아이큐브솔루션,서울 서초구,https://kr.indeed.com/viewjob?jk=a94d025441879ed9
위시켓과 함께할 서버개발자님,위시켓,서울 강남구,https://kr.indeed.com/viewjob?jk=a3a65a4d59061430
8퍼센트 경력 개발자,8퍼센트,서울 종로구,https://kr.indeed.com/viewjob?jk=464ef95516a5fa5c
FinTech 서비스 플랫폼 개발 통해 세상 변화시킬 개발자분 만나고 싶습니다,핀투비,서울 여의도,https://kr.indeed.com/viewjob?jk=b01342d6d3c2a24a
[Search] 글로벌 NLP 기술 개발 신입/경력사원,네이버,서울,https://kr.indeed.com/viewjob?jk=f772842052311d64
보안 개발자 모집,넷마블,서울 구로구,https://kr.indeed.com/viewjob?jk=b9a9af798e9d24a5
서울 강남구 인썸니아 시니어 개발자 및 퍼블리셔,인썸니아,서울 서초구,https://kr.indeed.com/viewjob?jk=6c1d50662fa2d7f7
SITE RELIABILITY ENGINEER,"ODK Media, Inc.",서울 강남구,https://kr.indeed.com/viewjob?jk=31be560f3d6a7963
"MVP 개발 엔지니어(서버, 웹프론트) (정규직, 계약직, 프리랜서)",더테스터,대전 중구,https://kr.indeed.com/viewjob?jk=1748baa27965fdbf
FinTech 서비스 플랫폼 개발 통해 세상 변화시킬 개발자분 만나고 싶습니다,핀투비,서울 여의도,https://kr.indeed.com/viewjob?jk=b01342d6d3c2a24a
[Search] 글로벌 NLP 기술 개발 신입/경력사원,네이버,서울,https://kr.indeed.com/viewjob?jk=f772842052311d64
보안 개발자 모집,넷마블,서울 구로구,https://kr.indeed.com/viewjob?jk=b9a9af798e9d24a5
서울 강남구 인썸니아 시니어 개발자 및 퍼블리셔,인썸니아,서울 서초구,https://kr.indeed.com/viewjob?jk=6c1d50662fa2d7f7
SITE RELIABILITY ENGINEER,"ODK Media, Inc.",서울 강남구,https://kr.indeed.com/viewjob?jk=31be560f3d6a7963
"MVP 개발 엔지니어(서버, 웹프론트) (정규직, 계약직, 프리랜서)",더테스터,대전 중구,https://kr.indeed.com/viewjob?jk=1748baa27965fdbf
안드로이드 및 서버 개발자,오늘하루,서울 강남구,https://kr.indeed.com/viewjob?jk=a70c6568d6be9fb0
SOFTWARE ENGINEER - BACKEND,"ODK Media, Inc.",서울 강남구,https://kr.indeed.com/viewjob?jk=6e4170888fdd92a5
백엔드 개발자,뉴트리션코트,서울 강남구,https://kr.indeed.com/viewjob?jk=d621cbb75440764e
Jr. Backend Developer,Delivery Tech Hero,서울,https://kr.indeed.com/viewjob?jk=d6c27e2108eafb61
Back-end Software Engineer,Bear Robotics,서울,https://kr.indeed.com/viewjob?jk=431c80cac460aa33
소프트웨어 개발 연구원,세이프모션,광주 북구,https://kr.indeed.com/viewjob?jk=ccb239dc28d7b5b7
[Autonomous Driving] Software Tool Engineer,네이버,서울,https://kr.indeed.com/viewjob?jk=84348b9371558933
Web 개발(이커머스 파트)_PHP/CodeIgniter/Javascript,버드뷰,서울 마포구,https://kr.indeed.com/viewjob?jk=3292e81e43884c67
Back End Software Engineer,Sendbird,서울,https://kr.indeed.com/viewjob?jk=615168b399422305
백엔드 개발 경력직,외국계 대형 플랫폼사,대한민국,https://kr.indeed.com/viewjob?jk=95bd159ef92b4469
[Search] 검색 엔진 S/W 엔지니어 경력사원,네이버,서울,https://kr.indeed.com/viewjob?jk=770ef57197572958
Full Stack Developer (Internal Products),Toss,서울 강남구,https://kr.indeed.com/viewjob?jk=60c38beac39270b1
반응형웹개발자(3년이상),에이치알 코리아,대한민국,https://kr.indeed.com/viewjob?jk=e42dff836a3182d7
Back-end Web Engineer,Success Korea,서울 서초구,https://kr.indeed.com/viewjob?jk=89067ba5fc5296c0
Full Stack Developer,"Miso, inc",서울,https://kr.indeed.com/viewjob?jk=754348a9c3f08d66
풀스택 개발자,유튜브 플랫폼,서울 강남구,https://kr.indeed.com/viewjob?jk=c060df7d05ca51bf
서버 개발자,뷰티분야 모바일커머스,서울,https://kr.indeed.com/viewjob?jk=3c6a0fffc0065a77
Back-End 개발자,교육용 모바일앱 개발 및 서비스,서울,https://kr.indeed.com/viewjob?jk=be808776cdf05f24
전산실 MIS 개발 운영 담당자 채용,Success Korea,성남 판교역,https://kr.indeed.com/viewjob?jk=e96c0409b4d2b8b5
빌링서버 개발자,Success Korea,서울,https://kr.indeed.com/viewjob?jk=d9f1c1b5579f37c4
[신규사업실]시니어 Back-end 개발,Success Korea,서울,https://kr.indeed.com/viewjob?jk=2cadf87cc64c38d6
Server Developer(PHP),Success Korea,서울,https://kr.indeed.com/viewjob?jk=c8869aca354714a1
Server Programmer,Success Korea,서울 강남구,https://kr.indeed.com/viewjob?jk=4204412ce0c68c2f
Backend Developer(Python or Java),Success Korea,서울,https://kr.indeed.com/viewjob?jk=d3a7fde286f7954c
